Workbook

Sheet Products
A1: Item Code | B1: Item Name | C1: Category | E1: Purchase Price | F1: Selling Price | G1: Reorder Point
A2: P001 | B2: جهاز الضغط الإلكتروني | C2: مستلزمات طبية - أجهزة فحص | D2: قطع | E2: 950 | F2: 1400 | G2: 5
A3: P002 | B3: جهاز السكر المنزلي | C3: مستلزمات طبية - أجهزة فحص | D3: قطع | E3: 380 | F3: 550 | G3: 5
A4: P003 | B4: مقياس الأكسجين المحمول | C4: مستلزمات طبية - أجهزة فحص | D4: قطع | E4: 320 | F4: 550 | G4: 4
A5: P004 | B5: سماعة الطبيب الطبية | C5: مستلزمات طبية - أجهزة فحص | D5: قطع | E5: 450 | F5: 750 | G5: 3
A6: P005 | B6: مقياس الحرارة الرقمي | C6: مستلزمات طبية - أجهزة فحص | D6: قطعة | E6: 55 | F6: 90 | G6: 15
A7: P006 | B7: ترمومتر ليزر عن بعد | C7: مستلزمات طبية - أجهزة فحص | D7: قطع | E7: 480 | F7: 700 | G7: 3
A8: P007 | B8: جهاز رسم القلب المحمول | C8: مستلزمات طبية - أجهزة فحص | D8: قطعة | E8: 26000 | F8: 33000 | G8: 1
A9: P008 | B9: مصباح الفحص اليدوي | C9: مستلزمات طبية - أجهزة فحص | D9: قطع | E9: 85 | F9: 150 | G9: 3
A10: P009 | B10: مطرقة فحص الأعصاب | C10: مستلزمات طبية - أجهزة فحص | D10: قطع | E10: 95 | F10: 160 | G10: 3
A11: P010 | B11: منظار الأذن الطبي | C11: مستلزمات طبية - أجهزة فحص | D11: قطعة | E11: 1300 | F11: 1900 | G11: 2
A12: P011 | B12: قفازات نيتريل معقمة (علبة) | C12: مستلزمات طبية - استهلاكية | D12: علبة | E12: 185 | F12: 260 | G12: 20
A13: P012 | B13: كمامات جراحية (علبة) | C13: مستلزمات طبية - استهلاكية | D13: علبة | E13: 45 | F13: 75 | G13: 30
... A21: P020 | B21: بلاستر طبي للجروح (علبة) | C21: مستلزمات طبية - استهلاكية | D21: علبة | E21: 50 | F21: 90 | G21: 15

Sheet Transactions
A1: Transaction ID | B1: Date | C1: Transaction Type | D1: Item Code | E1: Quantity | F1: Client / Supplier Name | G1: Item Name | H1: Total Amount
A2: TRN-001 | B2: 46234 | C2: buy | D2: P001 | E2: 15 | F2: OrbitMedical | G2: {=_xlfn.XLOOKUP(D2, Products!A:A, Products!B:B, "Not Found")} -> جهاز الضغط الإلكتروني | H2: =IF(C2="buy", E2*VLOOKUP(D2, Products!A:F, 5, FALSE), IF(C2="sell", E2*VLOOKUP(D2, Products!A:F, 6, FALSE), 0)) -> 14250
A3: TRN-002 | B3: 46234 | C3: buy | D3: P002 | E3: 30 | F3: OrbitMedical | G3: {=_xlfn.XLOOKUP(D3, Products!A:A, Products!B:B, "Not Found")} -> جهاز السكر المنزلي | H3: =IF(C3="buy", E3*VLOOKUP(D3, Products!A:F, 5, FALSE), IF(C3="sell", E3*VLOOKUP(D3, Products!A:F, 6, FALSE), 0)) -> 11400
A4: TRN-003 | B4: 46234 | C4: buy | D4: P003 | E4: 15 | F4: OrbitMedical | G4: {=_xlfn.XLOOKUP(D4, Products!A:A, Products!B:B, "Not Found")} -> مقياس الأكسجين المحمول | H4: =IF(C4="buy", E4*VLOOKUP(D4, Products!A:F, 5, FALSE), IF(C4="sell", E4*VLOOKUP(D4, Products!A:F, 6, FALSE), 0)) -> 4800
A5: TRN-004 | B5: 46234 | C5: buy | D5: P004 | E5: 20 | F5: OrbitMedical | G5: {=_xlfn.XLOOKUP(D5, Products!A:A, Products!B:B, "Not Found")} -> سماعة الطبيب الطبية | H5: =IF(C5="buy", E5*VLOOKUP(D5, Products!A:F, 5, FALSE), IF(C5="sell", E5*VLOOKUP(D5, Products!A:F, 6, FALSE), 0)) -> 9000
A6: TRN-005 | B6: 46234 | C6: buy | D6: P005 | E6: 50 | F6: OrbitMedical | G6: {=_xlfn.XLOOKUP(D6, Products!A:A, Products!B:B, "Not Found")} -> مقياس الحرارة الرقمي | H6: =IF(C6="buy", E6*VLOOKUP(D6, Products!A:F, 5, FALSE), IF(C6="sell", E6*VLOOKUP(D6, Products!A:F, 6, FALSE), 0)) -> 2750
A7: TRN-006 | B7: 46234 | C7: buy | D7: P006 | E7: 15 | F7: OrbitMedical | G7: {=_xlfn.XLOOKUP(D7, Products!A:A, Products!B:B, "Not Found")} -> ترمومتر ليزر عن بعد | H7: =IF(C7="buy", E7*VLOOKUP(D7, Products!A:F, 5, FALSE), IF(C7="sell", E7*VLOOKUP(D7, Products!A:F, 6, FALSE), 0)) -> 7200
A8: TRN-007 | B8: 46235 | C8: buy | D8: P007 | E8: 2 | F8: Vitalis Supplies | G8: {=_xlfn.XLOOKUP(D8, Products!A:A, Products!B:B, "Not Found")} -> جهاز رسم القلب المحمول | H8: =IF(C8="buy", E8*VLOOKUP(D8, Products!A:F, 5, FALSE), IF(C8="sell", E8*VLOOKUP(D8, Products!A:F, 6, FALSE), 0)) -> 52000
A9: TRN-008 | B9: 46235 | C9: buy | D9: P008 | E9: 25 | F9: Vitalis Supplies | G9: {=_xlfn.XLOOKUP(D9, Products!A:A, Products!B:B, "Not Found")} -> مصباح الفحص اليدوي | H9: =IF(C9="buy", E9*VLOOKUP(D9, Products!A:F, 5, FALSE), IF(C9="sell", E9*VLOOKUP(D9, Products!A:F, 6, FALSE), 0)) -> 2125
A10: TRN-009 | B10: 46235 | C10: buy | D10: P009 | E10: 25 | F10: Vitalis Supplies | G10: {=_xlfn.XLOOKUP(D10, Products!A:A, Products!B:B, "Not Found")} -> مطرقة فحص الأعصاب | H10: =IF(C10="buy", E10*VLOOKUP(D10, Products!A:F, 5, FALSE), IF(C10="sell", E10*VLOOKUP(D10, Products!A:F, 6, FALSE), 0)) -> 2375
A11: TRN-010 | B11: 46235 | C11: buy | D11: P010 | E11: 10 | F11: Vitalis Supplies | G11: {=_xlfn.XLOOKUP(D11, Products!A:A, Products!B:B, "Not Found")} -> منظار الأذن الطبي | H11: =IF(C11="buy", E11*VLOOKUP(D11, Products!A:F, 5, FALSE), IF(C11="sell", E11*VLOOKUP(D11, Products!A:F, 6, FALSE), 0)) -> 13000
A12: TRN-011 | B12: 46235 | C12: buy | D12: P011 | E12: 100 | F12: ApexCare | G12: {=_xlfn.XLOOKUP(D12, Products!A:A, Products!B:B, "Not Found")} -> قفازات نيتريل معقمة (علبة) | H12: =IF(C12="buy", E12*VLOOKUP(D12, Products!A:F, 5, FALSE), IF(C12="sell", E12*VLOOKUP(D12, Products!A:F, 6, FALSE), 0)) -> 18500
A13: TRN-012 | B13: 46236 | C13: buy | D13: P012 | E13: 200 | F13: ApexCare | G13: {=_xlfn.XLOOKUP(D13, Products!A:A, Products!B:B, "Not Found")} -> كمامات جراحية (علبة) | H13: =IF(C13="buy", E13*VLOOKUP(D13, Products!A:F, 5, FALSE), IF(C13="sell", E13*VLOOKUP(D13, Products!A:F, 6, FALSE), 0)) -> 9000
... A67: TRN-066 | B67: 46241 | C67: buy | D67: P019 | E67: 15 | F67: CuroMed | G67: {=_xlfn.XLOOKUP(D67, Products!A:A, Products!B:B, "Not Found")} -> جل السونار الطبي (جالون) | H67: =IF(C67="buy", E67*VLOOKUP(D67, Products!A:F, 5, FALSE), IF(C67="sell", E67*VLOOKUP(D67, Products!A:F, 6, FALSE), 0)) -> 2325
H68: =IF(C68="buy", E68*VLOOKUP(D68, Products!A:F, 5, FALSE), IF(C68="sell", E68*VLOOKUP(D68, Products!A:F, 6, FALSE), 0)) -> 0

Sheet Inventory Balance
A1: Item Code | B1: Item Name | C1: Unit | D1: Total Bought | E1: Total Sold | F1: Current Balance | G1: Reorder Point
A2: P001 | B2: {=_xlfn.XLOOKUP(A2, Products!A:A, Products!B:B, "Not Found")} -> جهاز الضغط الإلكتروني | C2: {=_xlfn.XLOOKUP(A2, Products!A:A, Products!D:D, "")} -> قطع | D2: =SUMIFS(Transactions!E:E, Transactions!D:D, A2, Transactions!C:C, "buy") -> 25 | E2: =SUMIFS(Transactions!E:E, Transactions!D:D, A2, Transactions!C:C, "sell") -> 12 | F2: =D2 - E2 -> 13 | G2: {=IF(F2<=_xlfn.XLOOKUP(A2, Products!A:A, Products!G:G, 0), "Reorder 🚨", "Safe ✅")} -> Safe ✅
A3: P002 | B3: {=_xlfn.XLOOKUP(A3, Products!A:A, Products!B:B, "Not Found")} -> جهاز السكر المنزلي | C3: {=_xlfn.XLOOKUP(A3, Products!A:A, Products!D:D, "")} -> قطع | D3: =SUMIFS(Transactions!E:E, Transactions!D:D, A3, Transactions!C:C, "buy") -> 45 | E3: =SUMIFS(Transactions!E:E, Transactions!D:D, A3, Transactions!C:C, "sell") -> 15 | F3: =D3 - E3 -> 30 | G3: {=IF(F3<=_xlfn.XLOOKUP(A3, Products!A:A, Products!G:G, 0), "Reorder 🚨", "Safe ✅")} -> Safe ✅
A4: P003 | B4: {=_xlfn.XLOOKUP(A4, Products!A:A, Products!B:B, "Not Found")} -> مقياس الأكسجين المحمول | C4: {=_xlfn.XLOOKUP(A4, Products!A:A, Products!D:D, "")} -> قطع | D4: =SUMIFS(Transactions!E:E, Transactions!D:D, A4, Transactions!C:C, "buy") -> 25 | E4: =SUMIFS(Transactions!E:E, Transactions!D:D, A4, Transactions!C:C, "sell") -> 9 | F4: =D4 - E4 -> 16 | G4: {=IF(F4<=_xlfn.XLOOKUP(A4, Products!A:A, Products!G:G, 0), "Reorder 🚨", "Safe ✅")} -> Safe ✅
A5: P004 | B5: {=_xlfn.XLOOKUP(A5, Products!A:A, Products!B:B, "Not Found")} -> سماعة الطبيب الطبية | C5: {=_xlfn.XLOOKUP(A5, Products!A:A, Products!D:D, "")} -> قطع | D5: =SUMIFS(Transactions!E:E, Transactions!D:D, A5, Transactions!C:C, "buy") -> 30 | E5: =SUMIFS(Transactions!E:E, Transactions!D:D, A5, Transactions!C:C, "sell") -> 7 | F5: =D5 - E5 -> 23 | G5: {=IF(F5<=_xlfn.XLOOKUP(A5, Products!A:A, Products!G:G, 0), "Reorder 🚨", "Safe ✅")} -> Safe ✅
A6: P005 | B6: {=_xlfn.XLOOKUP(A6, Products!A:A, Products!B:B, "Not Found")} -> مقياس الحرارة الرقمي | C6: {=_xlfn.XLOOKUP(A6, Products!A:A, Products!D:D, "")} -> قطعة | D6: =SUMIFS(Transactions!E:E, Transactions!D:D, A6, Transactions!C:C, "buy") -> 80 | E6: =SUMIFS(Transactions!E:E, Transactions!D:D, A6, Transactions!C:C, "sell") -> 25 | F6: =D6 - E6 -> 55 | G6: {=IF(F6<=_xlfn.XLOOKUP(A6, Products!A:A, Products!G:G, 0), "Reorder 🚨", "Safe ✅")} -> Safe ✅
A7: P006 | B7: {=_xlfn.XLOOKUP(A7, Products!A:A, Products!B:B, "Not Found")} -> ترمومتر ليزر عن بعد | C7: {=_xlfn.XLOOKUP(A7, Products!A:A, Products!D:D, "")} -> قطع | D7: =SUMIFS(Transactions!E:E, Transactions!D:D, A7, Transactions!C:C, "buy") -> 35 | E7: =SUMIFS(Transactions!E:E, Transactions!D:D, A7, Transactions!C:C, "sell") -> 11 | F7: =D7 - E7 -> 24 | G7: {=IF(F7<=_xlfn.XLOOKUP(A7, Products!A:A, Products!G:G, 0), "Reorder 🚨", "Safe ✅")} -> Safe ✅
A8: P007 | B8: {=_xlfn.XLOOKUP(A8, Products!A:A, Products!B:B, "Not Found")} -> جهاز رسم القلب المحمول | C8: {=_xlfn.XLOOKUP(A8, Products!A:A, Products!D:D, "")} -> قطعة | D8: =SUMIFS(Transactions!E:E, Transactions!D:D, A8, Transactions!C:C, "buy") -> 2 | E8: =SUMIFS(Transactions!E:E, Transactions!D:D, A8, Transactions!C:C, "sell") -> 2 | F8: =D8 - E8 -> 0 | G8: {=IF(F8<=_xlfn.XLOOKUP(A8, Products!A:A, Products!G:G, 0), "Reorder 🚨", "Safe ✅")} -> Reorder 🚨
A9: P008 | B9: {=_xlfn.XLOOKUP(A9, Products!A:A, Products!B:B, "Not Found")} -> مصباح الفحص اليدوي | C9: {=_xlfn.XLOOKUP(A9, Products!A:A, Products!D:D, "")} -> قطع | D9: =SUMIFS(Transactions!E:E, Transactions!D:D, A9, Transactions!C:C, "buy") -> 25 | E9: =SUMIFS(Transactions!E:E, Transactions!D:D, A9, Transactions!C:C, "sell") -> 5 | F9: =D9 - E9 -> 20 | G9: {=IF(F9<=_xlfn.XLOOKUP(A9, Products!A:A, Products!G:G, 0), "Reorder 🚨", "Safe ✅")} -> Safe ✅
A10: P009 | B10: {=_xlfn.XLOOKUP(A10, Products!A:A, Products!B:B, "Not Found")} -> مطرقة فحص الأعصاب | C10: {=_xlfn.XLOOKUP(A10, Products!A:A, Products!D:D, "")} -> قطع | D10: =SUMIFS(Transactions!E:E, Transactions!D:D, A10, Transactions!C:C, "buy") -> 25 | E10: =SUMIFS(Transactions!E:E, Transactions!D:D, A10, Transactions!C:C, "sell") -> 3 | F10: =D10 - E10 -> 22 | G10: {=IF(F10<=_xlfn.XLOOKUP(A10, Products!A:A, Products!G:G, 0), "Reorder 🚨", "Safe ✅")} -> Safe ✅
A11: P010 | B11: {=_xlfn.XLOOKUP(A11, Products!A:A, Products!B:B, "Not Found")} -> منظار الأذن الطبي | C11: {=_xlfn.XLOOKUP(A11, Products!A:A, Products!D:D, "")} -> قطعة | D11: =SUMIFS(Transactions!E:E, Transactions!D:D, A11, Transactions!C:C, "buy") -> 10 | E11: =SUMIFS(Transactions!E:E, Transactions!D:D, A11, Transactions!C:C, "sell") -> 2 | F11: =D11 - E11 -> 8 | G11: {=IF(F11<=_xlfn.XLOOKUP(A11, Products!A:A, Products!G:G, 0), "Reorder 🚨", "Safe ✅")} -> Safe ✅
A12: P011 | B12: {=_xlfn.XLOOKUP(A12, Products!A:A, Products!B:B, "Not Found")} -> قفازات نيتريل معقمة (علبة) | C12: {=_xlfn.XLOOKUP(A12, Products!A:A, Products!D:D, "")} -> علبة | D12: =SUMIFS(Transactions!E:E, Transactions!D:D, A12, Transactions!C:C, "buy") -> 150 | E12: =SUMIFS(Transactions!E:E, Transactions!D:D, A12, Transactions!C:C, "sell") -> 65 | F12: =D12 - E12 -> 85 | G12: {=IF(F12<=_xlfn.XLOOKUP(A12, Products!A:A, Products!G:G, 0), "Reorder 🚨", "Safe ✅")} -> Safe ✅
A13: P012 | B13: {=_xlfn.XLOOKUP(A13, Products!A:A, Products!B:B, "Not Found")} -> كمامات جراحية (علبة) | C13: {=_xlfn.XLOOKUP(A13, Products!A:A, Products!D:D, "")} -> علبة | D13: =SUMIFS(Transactions!E:E, Transactions!D:D, A13, Transactions!C:C, "buy") -> 300 | E13: =SUMIFS(Transactions!E:E, Transactions!D:D, A13, Transactions!C:C, "sell") -> 80 | F13: =D13 - E13 -> 220 | G13: {=IF(F13<=_xlfn.XLOOKUP(A13, Products!A:A, Products!G:G, 0), "Reorder 🚨", "Safe ✅")} -> Safe ✅
... A21: P020 | B21: {=_xlfn.XLOOKUP(A21, Products!A:A, Products!B:B, "Not Found")} -> بلاستر طبي للجروح (علبة) | C21: {=_xlfn.XLOOKUP(A21, Products!A:A, Products!D:D, "")} -> علبة | D21: =SUMIFS(Transactions!E:E, Transactions!D:D, A21, Transactions!C:C, "buy") -> 100 | E21: =SUMIFS(Transactions!E:E, Transactions!D:D, A21, Transactions!C:C, "sell") -> 15 | F21: =D21 - E21 -> 85 | G21: {=IF(F21<=_xlfn.XLOOKUP(A21, Products!A:A, Products!G:G, 0), "Reorder 🚨", "Safe ✅")} -> Safe ✅
